var,varname,plotname,varsection_orig,Variable_Group,codebook_page,final classification,labels,include as predictor,include as ID,date_merge,aggregate,reverse,reverse_scale_min,reverse_scale_max,pick_one,picked,recode_does_not_apply,recode_as_1,remove_after_manual_inspection,notes,Final Groups
tx80106,Sample: Type of school,,pCourseClass,Baseline,29.0,categorical,Elementary school; Hauptschule (Volksschule); School with multiple courses of; Realschule; Integrated comprehensive school; Gymnasium; Special needs school,1.0,0.0,,,,,,,,,,,,Baseline
e227400_D,Class: number of female students (in %),,pCourseClass,Pedagogical,175.0,continuous,,1.0,0.0,,,,,,,,,,,,Pedagogical
e227400_g1D,"Class: number of students, total (simplified)",,pCourseClass,Pedagogical,179.0,continuous,below 10; 10 to 14; 15 to 19; 20 to 24; 25 to 29; 30 to 34; 35 and more,1.0,0.0,,,,,,,,,,,,Pedagogical
e451000_D,Class: number of students with a migrant background (in %),,pCourseClass,Pedagogical,186.0,continuous,,1.0,0.0,,,,,,,,,,,,Pedagogical
e22941b,"Class: facilities: visualization aids, pin board",,pCourseClass,Pedagogical,200.0,effect code,yes; no,1.0,0.0,,,,,,,,,,,,Pedagogical
e22941c,"Class: facilities: visualization aids, magnetic board",,pCourseClass,Pedagogical,201.0,effect code,yes; no,1.0,0.0,,,,,,,,,,,,Pedagogical
e22941d,"Class: facilities: visualization aids, overhead projector",,pCourseClass,Pedagogical,202.0,effect code,yes; no,1.0,0.0,,,,,,,,,,,,Pedagogical
e22941e,"Visualization aids, beamer",,pCourseClass,Pedagogical,203.0,effect code,yes; no,1.0,0.0,,,,,,,,,,,,Pedagogical
e22941f,"Visualization aids, computer",,pCourseClass,Pedagogical,204.0,effect code,yes; no,1.0,0.0,,,,,,,,,,,,Pedagogical
e22941g,"Visualization aids, map stand",,pCourseClass,Pedagogical,205.0,effect code,yes; no,1.0,0.0,,,,,,,,,,,,Pedagogical
e22941h,"Visualization aids, flip chart",,pCourseClass,Pedagogical,206.0,effect code,yes; no,1.0,0.0,,,,,,,,,,,,Pedagogical
e22941i,"Visualization aids, electronic board",,pCourseClass,Pedagogical,207.0,effect code,yes; no,1.0,0.0,,,,,,,,,,,,Pedagogical
e229410,Class: facilities: storage possibility in the classroom,,pCourseClass,Pedagogical,208.0,effect code,yes; no,1.0,0.0,,,,,,,,,,,,Pedagogical
e22940a,"Class: classroom condition, brightness",,pCourseClass,Pedagogical,209.0,continuous,bad; rather bad; rather good; good,1.0,0.0,,,,,,,,,,,,Pedagogical
e22940b,"Class: classroom condition, size",,pCourseClass,Pedagogical,210.0,continuous,bad; rather bad; rather good; good,1.0,0.0,,,,,,,,,,,,Pedagogical
e22940c,"Class: classroom condition, functionality",,pCourseClass,Pedagogical,211.0,continuous,bad; rather bad; rather good; good,1.0,0.0,,,,,,,,,,,,Pedagogical
e22940d,"Class: classroom condition, structural integrity",,pCourseClass,Pedagogical,212.0,continuous,bad; rather bad; rather good; good,1.0,0.0,,,,,,,,,,,,Pedagogical
e190011_D,Class: number of students with special needs (in %),,pCourseClass,Pedagogical,214.0,continuous,,1.0,0.0,,,,,,,,,,,,Pedagogical
ed1008a,Stress in class - learning ability,,pEducator,Pedagogical,570.0,continuous,not stressful at all; rather not stressful; partly stressful; rather stressful; very stressful,1.0,0.0,,,,,,,,,,,,Pedagogical
ed1008b,Stress in class - methods,,pEducator,Pedagogical,571.0,continuous,not stressful at all; rather not stressful; partly stressful; rather stressful; very stressful,1.0,0.0,,,,,,,,,,,,Pedagogical
ed1008c,Stress in class - studentsí behavior,,pEducator,Pedagogical,572.0,continuous,not stressful at all; rather not stressful; partly stressful; rather stressful; very stressful,1.0,0.0,,,,,,,,,,,,Pedagogical
ed1008d,Stress in class - time pressure,,pEducator,Pedagogical,573.0,continuous,not stressful at all; rather not stressful; partly stressful; rather stressful; very stressful,1.0,0.0,,,,,,,,,,,,Pedagogical
ed1008e,Stress in class - planning,,pEducator,Pedagogical,574.0,continuous,not stressful at all; rather not stressful; partly stressful; rather stressful; very stressful,1.0,0.0,,,,,,,,,,,,Pedagogical
ed1009a,Stress at school - appreciation,,pEducator,Pedagogical,575.0,continuous,does not apply at all; does rather not apply; does rather apply; does completely apply; Not a stress factor,1.0,0.0,,,,,,,,,5.0,,,Pedagogical
e22282x,Teacher: Further education: financial compensation,,pEducator,Pedagogical,587.0,effect code,yes; no,1.0,0.0,,,,,,,,,,,,Pedagogical
e22200a_v1,Teacher: Participation: Meetings and discussions,,pEducator,Pedagogical,618.0,continuous,never; less than once a year; once a year; three to four times a; monthly; weekly,1.0,0.0,,,,,,,,,,,,Pedagogical
e22200b_v1,Teacher: Participation: Development of school curriculum,,pEducator,Pedagogical,619.0,continuous,never; less than once a year; once a year; three to four times a; monthly; weekly,1.0,0.0,,,,,,,,,,,,Pedagogical
e22200c_v1,Teacher: Participation: Discussing teaching media,,pEducator,Pedagogical,620.0,continuous,never; less than once a year; once a year; three to four times a; monthly; weekly,1.0,0.0,,,,,,,,,,,,Pedagogical
e22200d_v1,Teacher: Participation: Exchange of teaching materials,,pEducator,Pedagogical,621.0,continuous,never; less than once a year; once a year; three to four times a; monthly; weekly,1.0,0.0,,,,,,,,,,,,Pedagogical
e22200e_v1,Teacher: Participation: Team discussions,,pEducator,Pedagogical,622.0,continuous,never; less than once a; once a year; three to four times; monthly; weekly,1.0,0.0,,,,,,,,,,,,Pedagogical
e22200f_v1,Teacher: Participation: Discussions about learning development,,pEducator,Pedagogical,623.0,continuous,never; less than once a; once a year; three to four times; monthly; weekly,1.0,0.0,,,,,,,,,,,,Pedagogical
e22200g_v1,Teacher: Participation: Team teaching in a class,,pEducator,Pedagogical,624.0,continuous,never; less than once a year; once a year; three to four times a; monthly; weekly,1.0,0.0,,,,,,,,,,,,Pedagogical
e22200h_v1,Teacher: Participation: Professional learning activities,,pEducator,Pedagogical,625.0,continuous,never; less than once a; once a year; three to four times; monthly; weekly,1.0,0.0,,,,,,,,,,,,Pedagogical
e22200i_v1,Teacher: Participation: Sitting in on classes,,pEducator,Pedagogical,626.0,continuous,never; less than once a year; once a year; three to four times a; monthly; weekly,1.0,0.0,,,,,,,,,,,,Pedagogical
e22200j_v1,Teacher: Participation: Cross-class activities,,pEducator,Pedagogical,627.0,continuous,never; less than once a year; once a year; three to four times a; monthly; weekly,1.0,0.0,,,,,,,,,,,,Pedagogical
e22200k_v1,Teacher: Participation: Discussing homework practice,,pEducator,Pedagogical,628.0,continuous,never; less than once a year; once a year; three to four times a; monthly; weekly,1.0,0.0,,,,,,,,,,,,Pedagogical
e22683a,Teacher: Importance of influential factors: Parentsí financial situation,,pEducator,Pedagogical,629.0,continuous,very unimportant; rather unimportant; rather important; very important,1.0,0.0,,,,,,,,,,,,Pedagogical
e22683b,Teacher: Importance of influential factors: Willingness to make an effort,,pEducator,Pedagogical,630.0,continuous,very unimportant; rather unimportant; rather important; very important,1.0,0.0,,,,,,,,,,,,Pedagogical
e22683c,Teacher: Importance of influential factors: Parentsí educational background,,pEducator,Pedagogical,631.0,continuous,very unimportant; rather unimportant; rather important; very important,1.0,0.0,,,,,,,,,,,,Pedagogical
e22683d,Teacher: Importance of influential factors: Motherís employment,,pEducator,Pedagogical,632.0,continuous,very unimportant; rather unimportant; rather important; very important,1.0,0.0,,,,,,,,,,,,Pedagogical
e22683e,Teacher: Importance of influential factors: Childís talent,,pEducator,Pedagogical,633.0,continuous,very unimportant; rather unimportant; rather important; very important,1.0,0.0,,,,,,,,,,,,Pedagogical
e22683f,Teacher: Importance of influential factors: Childís language proficiency,,pEducator,Pedagogical,634.0,continuous,very unimportant; rather unimportant; rather important; very important,1.0,0.0,,,,,,,,,,,,Pedagogical
e22683g,Teacher: Importance of influential factors: Method of teaching,,pEducator,Pedagogical,635.0,continuous,very unimportant; rather unimportant; rather important; very important,1.0,0.0,,,,,,,,,,,,Pedagogical
e22683h,Teacher: Importance of influential factors: Coordination among teachers,,pEducator,Pedagogical,636.0,continuous,very unimportant; rather unimportant; rather important; very important,1.0,0.0,,,,,,,,,,,,Pedagogical
e22683i,Teacher: Importance of influential factors: Teaching quality,,pEducator,Pedagogical,637.0,continuous,very unimportant; rather unimportant; rather important; very important,1.0,0.0,,,,,,,,,,,,Pedagogical
e22680a,Teacher: orientation: making decisions,,pEducator,Pedagogical,638.0,continuous,completely disagree; rather disagree; rather agree; completely agree,1.0,0.0,,,,,,,,,,,,Pedagogical
e22680b,Teacher: orientation: role as a teacher as to investigate/explore,,pEducator,Pedagogical,639.0,continuous,completely disagree; rather disagree; rather agree; completely agree,1.0,0.0,,,,,,,,,,,,Pedagogical
e22680c,Teacher: orientation: learning by doing,,pEducator,Pedagogical,640.0,continuous,completely disagree; rather disagree; rather agree; completely agree,1.0,0.0,,,,,,,,,,,,Pedagogical
e22680d,Teacher: orientation: lessons with clear answers,,pEducator,Pedagogical,641.0,continuous,completely disagree; rather disagree; rather agree; completely agree,1.0,0.0,,,,,,,,,,,,Pedagogical
e22680e,Teacher: orientation: teaching of facts,,pEducator,Pedagogical,642.0,continuous,completely disagree; rather disagree; rather agree; completely agree,1.0,0.0,,,,,,,,,,,,Pedagogical
e22680f,Teacher: orientation: reflecting on solutions themselves,,pEducator,Pedagogical,643.0,continuous,completely disagree; rather disagree; rather agree; completely agree,1.0,0.0,,,,,,,,,,,,Pedagogical
e22680g,Teacher: orientation: quiet in the classroom,,pEducator,Pedagogical,644.0,continuous,completely disagree; rather disagree; rather agree; completely agree,1.0,0.0,,,,,,,,,,,,Pedagogical
e22680h,Teacher: orientation: thinking and reasoning processes,,pEducator,Pedagogical,645.0,continuous,completely disagree; rather disagree; rather agree; completely agree,1.0,0.0,,,,,,,,,,,,Pedagogical
e22681a,Teacher: orientation: educational goals: systematic expert knowledge,,pEducator,Pedagogical,646.0,continuous,very unimportant; rather unimportant; rather important; very important,1.0,0.0,,,,,,,,,,,,Pedagogical
e22681b,Teacher: orientation: educational goals: understand the subject,,pEducator,Pedagogical,647.0,continuous,very unimportant; rather unimportant; rather important; very important,1.0,0.0,,,,,,,,,,,,Pedagogical
e22681c,Teacher: orientation: educational goals: exemplary knowledge,,pEducator,Pedagogical,648.0,continuous,very unimportant; rather unimportant; rather important; very important,1.0,0.0,,,,,,,,,,,,Pedagogical
e22681d,Teacher: orientation: educational goals: professional problem solving,,pEducator,Pedagogical,649.0,continuous,very unimportant; rather unimportant; rather important; very important,1.0,0.0,,,,,,,,,,,,Pedagogical
e22681e,Teacher: orientation: educational goals: knowledge for later job,,pEducator,Pedagogical,650.0,continuous,very unimportant; rather unimportant; rather important; very important,1.0,0.0,,,,,,,,,,,,Pedagogical
e22681f,Teacher: orientation: educational goals: self-confidence,,pEducator,Pedagogical,651.0,continuous,very unimportant; rather unimportant; rather important; very important,1.0,0.0,,,,,,,,,,,,Pedagogical
e22681g,Teacher: orientation: educational goals: social competence,,pEducator,Pedagogical,652.0,continuous,very unimportant; rather unimportant; rather important; very important,1.0,0.0,,,,,,,,,,,,Pedagogical
e22681h,Teacher: orientation: educational goals: identity,,pEducator,Pedagogical,653.0,continuous,very unimportant; rather unimportant; rather important; very important,1.0,0.0,,,,,,,,,,,,Pedagogical
e22681i,Teacher: orientation: educational goals: cope with life demands,,pEducator,Pedagogical,654.0,continuous,very unimportant; rather unimportant; rather important; very important,1.0,0.0,,,,,,,,,,,,Pedagogical
e22681j,Teacher: orientation: self-assessment capability,,pEducator,Pedagogical,655.0,continuous,very unimportant; rather unimportant; rather important; very important,1.0,0.0,,,,,,,,,,,,Pedagogical
e22682a,Teacher: Orientation: importance in profession: relationship with students,,pEducator,Pedagogical,656.0,continuous,very unimportant; rather unimportant; rather important; very important,1.0,0.0,,,,,,,,,,,,Pedagogical
e22682b,Teacher: Orientation: importance in prof.: teaching structure/knowledge transfer,,pEducator,Pedagogical,657.0,continuous,very unimportant; rather unimportant; rather important; very important,1.0,0.0,,,,,,,,,,,,Pedagogical
e22682c,Teacher: Orientation: importance in profession: objective criteria for assessing,,pEducator,Pedagogical,658.0,continuous,very unimportant; rather unimportant; rather important; very important,1.0,0.0,,,,,,,,,,,,Pedagogical
e22682d,Teacher: Orientation: importance in profession: considering personal situation,,pEducator,Pedagogical,659.0,continuous,very unimportant; rather unimportant; rather important; very important,1.0,0.0,,,,,,,,,,,,Pedagogical
e22682e,Teacher: Orientation: importance in profession: order and discipline,,pEducator,Pedagogical,660.0,continuous,very unimportant; rather unimportant; rather important; very important,1.0,0.0,,,,,,,,,,,,Pedagogical
e22682f,Teacher: Orientation: importance in profession: informed about personal problems,,pEducator,Pedagogical,661.0,continuous,very unimportant; rather unimportant; rather important; very important,1.0,0.0,,,,,,,,,,,,Pedagogical
e22682g,Teacher: Orientation: importance in profession: knowing the family background,,pEducator,Pedagogical,662.0,continuous,very unimportant; rather unimportant; rather important; very important,1.0,0.0,,,,,,,,,,,,Pedagogical
e22682h,Teacher: Orientation: importance in profession: knowledge transfer,,pEducator,Pedagogical,663.0,continuous,very unimportant; rather unimportant; rather important; very important,1.0,0.0,,,,,,,,,,,,Pedagogical
e22682i,Teacher: Orientation: importance in profession: focusing on tasks in syllabus,,pEducator,Pedagogical,664.0,continuous,very unimportant; rather unimportant; rather important; very important,1.0,0.0,,,,,,,,,,,,Pedagogical
e22682j,Teacher: Orientation: importance in profession: evaluation of my lesson,,pEducator,Pedagogical,665.0,continuous,very unimportant; rather unimportant; rather important; very important,1.0,0.0,,,,,,,,,,,,Pedagogical
e22682k,Teacher: Orientation: importance in profession: awake interest in subject,,pEducator,Pedagogical,666.0,continuous,very unimportant; rather unimportant; rather important; very important,1.0,0.0,,,,,,,,,,,,Pedagogical
e22682l,"Teacher: Orientation: importance profession: enjoyment in learning, performing",,pEducator,Pedagogical,667.0,continuous,very unimportant; rather unimportant; rather important; very important,1.0,0.0,,,,,,,,,,,,Pedagogical
e536010,Time Career choice,,pEducator,Pedagogical,668.0,continuous,before starting school; during school time; immediately after acquiring higher education; one year or more after,1.0,0.0,,,,,,,,,,,,Pedagogical
e536031,Aspects of career choice - compatibility with my family,,pEducator,Pedagogical,673.0,continuous,very unimportant; rather unimportant; rather important; very important,1.0,0.0,,,,,,,,,,,,Pedagogical
e536032,Aspects of career choice - contact with people,,pEducator,Pedagogical,674.0,continuous,very unimportant; rather unimportant; rather important; very important,1.0,0.0,,,,,,,,,,,,Pedagogical
e536033,Aspects of career choice - a lot of free time,,pEducator,Pedagogical,675.0,continuous,very unimportant; rather unimportant; rather important; very important,1.0,0.0,,,,,,,,,,,,Pedagogical
e536034,Aspects of career choice - good pay,,pEducator,Pedagogical,676.0,continuous,very unimportant; rather unimportant; rather important; very important,1.0,0.0,,,,,,,,,,,,Pedagogical
e536035,Aspects of career choice - new challenges,,pEducator,Pedagogical,677.0,continuous,very unimportant; rather unimportant; rather important; very important,1.0,0.0,,,,,,,,,,,,Pedagogical
e536036,Aspects of career choice - enjoyment in teaching,,pEducator,Pedagogical,678.0,continuous,very unimportant; rather unimportant; rather important; very important,1.0,0.0,,,,,,,,,,,,Pedagogical
e536037,Aspects of career choice - job security,,pEducator,Pedagogical,679.0,continuous,very unimportant; rather unimportant; rather important; very important,1.0,0.0,,,,,,,,,,,,Pedagogical
e536038,Aspects of career choice - prestige of the teaching profession,,pEducator,Pedagogical,680.0,continuous,very unimportant; rather unimportant; rather important; very important,1.0,0.0,,,,,,,,,,,,Pedagogical
e536039,Aspects of career choice - achieve something above average,,pEducator,Pedagogical,681.0,continuous,very unimportant; rather unimportant; rather important; very important,1.0,0.0,,,,,,,,,,,,Pedagogical
e536040,Aspects of career choice - enjoyment (in subject) / passing on expert knowledge,,pEducator,Pedagogical,682.0,continuous,very unimportant; rather unimportant; rather important; very important,1.0,0.0,,,,,,,,,,,,Pedagogical
e537010,Teaching experience before college,,pEducator,Pedagogical,683.0,effect code,yes; no,1.0,0.0,,,,,,,,,,,,Pedagogical
e537042,no grade named,,pEducator,Pedagogical,693.0,effect code,not marked; No final grade received,1.0,0.0,,,,,,,,,,,,Pedagogical
e537050,Other higher degree program,,pEducator,Pedagogical,694.0,effect code,yes; no,1.0,0.0,,,,,,,,,,,,Pedagogical
e537090,Teaching degree course,,pEducator,Pedagogical,736.0,effect code,yes; no,1.0,0.0,,,,,,,,,,,,Pedagogical
e537121,Activity before teaching degree course - immediate start,,pEducator,Pedagogical,747.0,effect code,yes; no,1.0,0.0,,,,,,,,,,,,Pedagogical
e537123,Activity before teaching degree course - other profession,,pEducator,Pedagogical,749.0,effect code,yes; no,1.0,0.0,,,,,,,,,,,,Pedagogical
e537124,Activity before teaching degree course - vocational training started,,pEducator,Pedagogical,750.0,effect code,yes; no,1.0,0.0,,,,,,,,,,,,Pedagogical
e537126,Activity before teaching degree course - another training program started,,pEducator,Pedagogical,752.0,effect code,yes; no,1.0,0.0,,,,,,,,,,,,Pedagogical
e537130,Admission restriction,,pEducator,Pedagogical,754.0,effect code,yes; no,1.0,0.0,,,,,,,,,,,,Pedagogical
e537161_g1,Subject combination (1st subject; study area),,pEducator,Pedagogical,755.0,categorical,"Linguistic and cultural studies in; Protestant theology/religious education; Catholic theology/religious education; Philosophy; History; Library science, documentation; General and comparative literature and; Classical philology, Modern Greek; German Studies (German, Germanic Languages; English and American studies; Romance studies; Slavic, Baltic, Finno-Ugrian studies; Civil engineering; Surveying; Industrial engineering and management with; Arts, art science in general; Fine arts; Design",1.0,0.0,,,,,,,,,,,,Pedagogical
e537162_g1,Subject combination (2nd subject; study area),,pEducator,Pedagogical,757.0,categorical,"Linguistic and cultural studies in; Protestant theology/religious education; Catholic theology/religious education; Philosophy; History; Library science, documentation; General and comparative literature and; Classical philology, Modern Greek; German Studies (German, Germanic Languages; English and American studies; Romance studies; Slavic, Baltic, Finno-Ugrian studies; Surveying; Industrial engineering and management with; Arts, art science in general; Fine arts; Design; Performing arts, motion pictures and",1.0,0.0,,,,,,,,,,,,Pedagogical
e41100a_g1,Mother tongue (number references),,pEducator,Pedagogical,766.0,continuous,,1.0,0.0,,,,,,,,,,,,Pedagogical
e537180,Grade First state examination,,pEducator,Pedagogical,787.0,continuous,,1.0,0.0,,,,,,,,,,,,Pedagogical
e537190,Second state examination,,pEducator,Pedagogical,789.0,effect code,yes; no,1.0,0.0,,,,,,,,,,,,Pedagogical
e400000,Migrant background teacher,,pEducator,Pedagogical,795.0,categorical,"yes, I was born abroad; yes, I was born in; No.",1.0,0.0,,,,,,,,,,,,Pedagogical
e76212y_D,Year of birth (categorized),,pEducator,Pedagogical,810.0,continuous,before 1950; 1950-1959; 1960-1969; 1970-1979; after 1979,1.0,0.0,,,,,,,,,,,,Pedagogical
e762110,Gender,,pEducator,Pedagogical,811.0,effect code,[m] male; [w] female,1.0,0.0,,,,,,,,,,,,Pedagogical
e22280a,Teacher: further education: own needs: educational standards,,pEducator,Pedagogical,865.0,continuous,no need at all; minor need; average need; high need,1.0,0.0,,,,,,,,,,,,Pedagogical
e22280b,Teacher: further education: own needs: assessment methods,,pEducator,Pedagogical,866.0,continuous,no need at all; minor need; average need; high need,1.0,0.0,,,,,,,,,,,,Pedagogical
e22280c,Teacher: further education: own needs: conducting classes,,pEducator,Pedagogical,867.0,continuous,no need at all; minor need; average need; high need,1.0,0.0,,,,,,,,,,,,Pedagogical
e22280d,Teacher: further education: own needs: expert knowledge,,pEducator,Pedagogical,868.0,continuous,no need at all; minor need; average need; high need,1.0,0.0,,,,,,,,,,,,Pedagogical
e22280e,Teacher: further education: own needs: computer and internet abilities teaching,,pEducator,Pedagogical,869.0,continuous,no need at all; minor need; average need; high need,1.0,0.0,,,,,,,,,,,,Pedagogical
e22280f,Teacher: further education: own needs: learning needs students,,pEducator,Pedagogical,870.0,continuous,no need at all; minor need; average need; high need,1.0,0.0,,,,,,,,,,,,Pedagogical
e22280g,Teacher: further education: own needs: handling disciplinary behavioral problems,,pEducator,Pedagogical,871.0,continuous,no need at all; minor need; average need; high need,1.0,0.0,,,,,,,,,,,,Pedagogical
e22280h,Teacher: further education: own needs: school board and administration,,pEducator,Pedagogical,872.0,continuous,no need at all; minor need; average need; high need,1.0,0.0,,,,,,,,,,,,Pedagogical
e22280i,Teacher: further education: own needs: teaching in a multicultural environment,,pEducator,Pedagogical,873.0,continuous,no need at all; minor need; average need; high need,1.0,0.0,,,,,,,,,,,,Pedagogical
e22280j,Teacher: further education: own needs: counseling for students,,pEducator,Pedagogical,874.0,continuous,no need at all; minor need; average need; high need,1.0,0.0,,,,,,,,,,,,Pedagogical
e22280k,Teacher: further education: own needs: integrative teaching,,pEducator,Pedagogical,875.0,continuous,no need at all; minor need; average need; high need,1.0,0.0,,,,,,,,,,,,Pedagogical
e22281a,Teacher: further education: courses/workshop,,pEducator,Pedagogical,876.0,effect code,yes; no,1.0,0.0,,,,,,,,,,,,Pedagogical
e22281b,Teacher: further education: educational conferences or seminars,,pEducator,Pedagogical,877.0,effect code,yes; no,1.0,0.0,,,,,,,,,,,,Pedagogical
e22281c,Teacher: further education: qualification programs,,pEducator,Pedagogical,878.0,effect code,yes; no,1.0,0.0,,,,,,,,,,,,Pedagogical
e22281d,Teacher: further education: sitting in on classes at other schools,,pEducator,Pedagogical,879.0,effect code,yes; no,1.0,0.0,,,,,,,,,,,,Pedagogical
e22281e,Teacher: further education: participation in working group for prof. development,,pEducator,Pedagogical,880.0,effect code,yes; no,1.0,0.0,,,,,,,,,,,,Pedagogical
e22281f,Teacher: further education: research work,,pEducator,Pedagogical,881.0,effect code,yes; no,1.0,0.0,,,,,,,,,,,,Pedagogical
e22281g,Teacher: further education: mentor programs and/or training programs,,pEducator,Pedagogical,882.0,effect code,yes; no,1.0,0.0,,,,,,,,,,,,Pedagogical
e22282a,Teacher: further education: days of participation,,pEducator,Pedagogical,883.0,continuous,,1.0,0.0,,,,,,,,,,,,Pedagogical
e22282b,Teacher: further education: no participation,,pEducator,Pedagogical,885.0,effect code,not specified; specified,1.0,0.0,,,,,,,,,,,,Pedagogical
e222821,Teacher: further education: costs,,pEducator,Pedagogical,886.0,categorical,The further education costs were; I paid a portion of; I paid the entire amount,1.0,0.0,,,,,,,,,,,,Pedagogical
e222822,Teacher: further education: release from teaching,,pEducator,Pedagogical,887.0,effect code,yes; no,1.0,0.0,,,,,,,,,,,,Pedagogical
e222823,Teacher: further education: prefer more further education programs,,pEducator,Pedagogical,888.0,effect code,yes; no,1.0,0.0,,,,,,,,,,,,Pedagogical
p731118,Start living together with partner - estimation,,pParent,Home,1951.0,effect code,Estimated; not estimated,1.0,0.0,,,,,,,,,,,,Home
p510001,"monthly household income, open",,pParent,Home,1952.0,continuous,,1.0,0.0,,,,,,,,,,,,Home
p30300a,Assessment economic household situation,,pParent,Home,1957.0,continuous,very bad; rather bad; partly good; rather good; very good,1.0,0.0,,,,,,,,,,,,Home
p728000,Determination of special educational needs,,pParent,Student,1993.0,effect code,yes; no,1.0,0.0,,,,,,,,,,,,Student
p524100,Hay fever,,pParent,Student,2047.0,effect code,yes; no,1.0,0.0,,,,,,,,,,,,Student
p524101,Neurodermatitis,,pParent,Student,2048.0,effect code,yes; no,1.0,0.0,,,,,,,,,,,,Student
p529000,Weight at birth,,pParent,Student,2049.0,continuous,,1.0,0.0,,,,,,,,,,,,Student
p529001,Size at birth,,pParent,Student,2051.0,continuous,,1.0,0.0,,,,,,,,,,,,Student
p731702,Gender Respondent,,pParent,Home,2155.0,effect code,[m] male; [w] female,1.0,0.0,,,,,,,,,,,,Home
p406000_g1,Country of birth of target child (Germany/abroad; edited),,pParent,Student,2162.0,effect code,yes; no,1.0,0.0,,,,,,,,,,,,Student
p407050_g1D,Citizenship Target child (German/not German),,pParent,Student,1916.0,effect code,German; not German,1.0,0.0,,,,,,,,,,,,Student
p407055,Second citizenship Target child (yes/no),,pParent,Student,2165.0,effect code,yes; no,1.0,0.0,,,,,,,,,,,,Student
p400500_g1v1,Generation status,,pParent,Home,1911.0,continuous,no migrant background; 1st generation; 1.5th generation; 2nd generation; 2.25th generation; 2.5th generation; 2.75th generation; 3rd generation; 3.25th generation; 3.5th generation,1.0,0.0,,,,,,,,,,,,Home
p400500_g1,Generation status,,pParent,Home,1905.0,continuous,no migrant background; 1st generation; 1.5th generation; 2nd generation; 2.25th generation; 2.5th generation; 2.75th generation; 3rd generation; 3.25th generation; 3.5th generation; 3.75th generation,1.0,0.0,,,,,,,,,,,,Home
p400500_g2v1,Missing/contradicting imformation about country of birth for generation status,,pParent,Home,1907.0,categorical,Unique assignment possible; Information for target person unknown; Information for one parent unknown; Information for both parents unknown; Information for one grandparent unknown; Information for two grandparents unknown; Information for three grandparents unknown; Information for four grandparents unknown; no assignment to a generation,1.0,0.0,,,,,,,,,,,,Home
p712030,"Premature enrollment, regular enrollment, or held back",,pParent,Student,2170.0,categorical,early; regular; Deferral,1.0,0.0,,,,,,,,,,,,Student
p725000,Held back/repeated grade,,pParent,Student,2176.0,effect code,yes; no,1.0,0.0,,,,,,,,,,,,Student
p727000,Recommendation secondary school or course of education,,pParent,Student,2202.0,effect code,yes; no,1.0,0.0,,,,,,,,,,,,Student
p727001_D,"Recommendation secondary school or course of education, which ones? (simplified)",,pParent,Student,1904.0,categorical,"Hauptschule; Realschule; Gymnasium; Integrated comprehensive school; combined Hauptschule and Realschule; tended Realschule, Realschule plus,; Mittelschule/regular school/secondary school/Regionale Schule; Special needs school; Orientation stage/remedial stage; School for highly gifted",1.0,0.0,,,,,,,,,,,,Student
p728050,Diagnosis of dyslexia,,pParent,Student,2231.0,effect code,yes; no,1.0,0.0,,,,,,,,,,,,Student
pd0300g,German lessons: important to write error-free,,pParent,Home,2242.0,continuous,disagree; rather disagree; rather agree; agree,1.0,0.0,,,,,,,,,,,,Home
pd0400g,"German: spelling skills no longer so important, because of writing aids on PC",,pParent,Home,2243.0,continuous,disagree; rather disagree; rather agree; agree,1.0,0.0,,,,,,,,,,,,Home
pd0500g,German lessons: TC can only learn a lot if he/she likes to read,,pParent,Home,2244.0,continuous,disagree; rather disagree; rather agree; agree,1.0,0.0,,,,,,,,,,,,Home
pd0600g,German lessons: good career prospects if TC reads a lot,,pParent,Home,2245.0,continuous,disagree; rather disagree; rather agree; agree,1.0,0.0,,,,,,,,,,,,Home
pd0100g,German lessons: TC shall work hard in German class,,pParent,Home,2246.0,continuous,disagree; rather disagree; rather agree; agree,1.0,0.0,,,,,,,,,,,,Home
pd0200g,German lessons: TC should learn to search information on the internet in class,,pParent,Home,2247.0,continuous,disagree; rather disagree; rather agree; agree,1.0,0.0,,,,,,,,,,,,Home
p261100,Private tutoring - panel questions - occurrence,,pParent,Home,2248.0,effect code,yes; no; child receives tutoring irregularly,1.0,0.0,,,,,,,,,,,,Home
pd0200u,Support - Frequency: purchasing additional study materials for TC,,pParent,Home,2265.0,continuous,never; rarely; sometimes; often,1.0,0.0,,,,,,,,,,,,Home
pd0300u,Support - Frequency: look together with TC for information on the internet,,pParent,Home,2266.0,continuous,never; rarely; sometimes; often; no internet available,1.0,0.0,,,,,,,,,,,,Home
pd0400u,Support - Frequency: support with speeches or presentations,,pParent,Home,2267.0,continuous,never; rarely; sometimes; often; TC does not count lectures,1.0,0.0,,,,,,,,,,,,Home
pd0100u,Support - Frequency: talk with TC about books we have read together,,pParent,Home,2268.0,continuous,never; rarely; sometimes; often; do not read together,1.0,0.0,,,,,,,,,,,,Home
p73170y,Date of birth respondent: year,,pParent,Home,2352.0,date_year,,1.0,0.0,,,,,,,,,,,,Home
p400070_g1D,Country of birth Mother Respondent (Germany/abroad; edited),,pParent,Home,1867.0,categorical,Germany; not Germany; Elternteil nicht vorhanden/unbekannt,1.0,0.0,,,,,,,,,,,,Home
p400090_g1D,Country of birth Father Respondent (Germany/abroad; edited),,pParent,Home,1860.0,categorical,Germany; not Germany; Elternteil nicht vorhanden/unbekannt,1.0,0.0,,,,,,,,,,,,Home
p401100,Citizenship Respondent,,pParent,Home,2361.0,categorical,"yes/yes, in the meantime Iíve; no; Question erroneously not asked",1.0,0.0,,,,,,,,,,,,Home
p731801_g1,Highest educational qualification Respondent in Germany (edited),,pParent,Unmapped,2374.0,effect code,"yes; no; no school-leaving qualification; Germany and another country, not",1.0,0.0,,,,,,,,,,,,Unmapped
p731802_g3,Highest educational qualification Respondent (education years = fCASMIN),,pParent,Home,2380.0,continuous,no qualification,1.0,0.0,,,,,,,,,,,,Home
p731813,(Highest) professional qualification Respondent,,pParent,Home,2394.0,categorical,"completed apprenticeship (administrative, company‐based, industrial, agricultural) journey‐ man’s/journeywoman’s certificate, dual vocational education, GDR: craft certificate;
master craftsman/craftswoman, technician certificate;
civil service training (civil service examination);
certificate from a school of public health;
certificate from a Berufsfachschule [vocational school] or a Handelsschule [type of vocational school for commercial professions];
certificate from a Fachschule (also certificate from a Fachakademie [school‐based institutions of profes‐ sional development in Bavaria]);
leaving qualification from a Fachschule in the GDR; Bachelor (e.g. B.A., B.Sc.);
Diploma, Master (M.A.);
Magister, state examination;
doctorate, habilitation;
Berufsakademie [university of cooperative education], cooperative state university without further specifi‐ cation;
college of public administration without further specification;
university of applied sciences, former college of engineering without further specification; university without further specification; higher education degree (degree course) without further specification",1.0,0.0,,,,,,,,,,,,Home
p731901,Employment Respondent,,pParent,Home,2402.0,categorical,full-time employed; part-time employed; in a side job; unemployed,1.0,0.0,,,,,,,,,,,,Home
p731904_g14,Occupation Respondent (ISEI-08),,pParent,Home,2424.0,continuous,,1.0,0.0,,,,,,p731904,1.0,,,,,Home
p731905,Professional status Respondent,,pParent,Home,2430.0,categorical,"worker; employee, also civil service employees; civil servant, including judge, excluding; regular/professional soldier; self-employed; assisting family member; freelancer",1.0,0.0,,,,,,,,,,,,Home
p731912,Management position Respondent,,pParent,Home,2438.0,effect code,yes; no,1.0,0.0,,,,,,,,,,,,Home
p731915,Government benefits Respondent,,pParent,Home,2445.0,effect code,yes; no,1.0,0.0,,,,,,,,,,,,Home
p731110,Respondentís marital status,,pParent,Home,2446.0,categorical,"married and live with your; married and live apart from; divorced,; widowed,; single,; or do you live in",1.0,0.0,,,,,,,,,,,,Home
p73175y,Year of birth Partner,,pParent,Home,2459.0,date_year,,1.0,0.0,,,,,,,,,,,,Home
p731851,Highest educational qualification Partner in Germany,,pParent,Home,2489.0,effect code,yes; no; no school-leaving qualification,1.0,0.0,,,,,,,,,,,,Home
p731852_g3,Highest educational qualification Partner (education years = fCASMIN),,pParent,Home,2496.0,continuous,no qualification,1.0,0.0,,,,,,,,,,,,Home
p731951,Employment Partner,,pParent,Home,2518.0,categorical,full-time employed; part-time employed; in a side job; unemployed,1.0,0.0,,,,,,,,,,,,Home
p731955,Professional status Partner,,pParent,Home,2547.0,categorical,"worker; employee, also civil service employees; civil servant, including judge, excluding; regular/professional soldier; self-employed; assisting family member; freelancer",1.0,0.0,,,,,,,,,,,,Home
p731965,Government benefits Partner,,pParent,Home,2562.0,effect code,yes; no,1.0,0.0,,,,,,,,,,,,Home
p413050,Bilinguality Interviewed parent (auto variable),,pParent,Home,2577.0,effect code,yes; no,1.0,0.0,,,,,,,,,,,,Home
p410040,German language Child (auto variable),,pParent,Student,2589.0,effect code,yes; no,1.0,0.0,,,,,,,,,,,,Student
p410050,Bilingualism Child (auto variable),,pParent,Student,2590.0,effect code,yes; no,1.0,0.0,,,,,,,,,,,,Student
p414050,Bilingualism Partner (auto variable),,pParent,Home,2598.0,effect code,yes; no,1.0,0.0,,,,,,,,,,,,Home
p34001a_g1,"Frequency reading - free time, working day (summarized)",,pParent,Home,2684.0,continuous,,1.0,0.0,,,,,,,,,,,,Home
p34001c_g1,"Frequency reading - free time, non-working day (summarized)",,pParent,Home,2686.0,continuous,,1.0,0.0,,,,,,,,,,,,Home
p742001,Persons under the age of 14 in the household,,pParent,Home,2700.0,continuous,,1.0,0.0,,,,,,,,,,,,Home
p286711,Satisfaction school - school hours,,pParent,Home,2721.0,continuous,does rather not apply; does rather apply; does apply,1.0,0.0,,,,,,,,,,,,Home
p286712,Satisfaction school - equipment and rooms,,pParent,Home,2722.0,continuous,does rather not apply; does rather apply; does apply,1.0,0.0,,,,,,,,,,,,Home
p286713,Satisfaction school - meet childís needs,,pParent,Home,2723.0,continuous,does rather not apply; does rather apply; does apply,1.0,0.0,,,,,,,,,,,,Home
p286714,Satisfaction school - performance demands,,pParent,Home,2724.0,continuous,does rather not apply; does rather apply; does apply,1.0,0.0,,,,,,,,,,,,Home
p286715,Satisfaction school - general,,pParent,Home,2725.0,continuous,does rather not apply; does rather apply; does apply,1.0,0.0,,,,,,,,,,,,Home
p751001_g1,Place of residence (west/east),,pParent,Home,2726.0,categorical,West Germany; East Germany incl. Berlin; abroad; changing locations,1.0,0.0,,,,,,,,,,,,Home
t523010,Days absent due to illness,,pTarget,Student,3464.0,continuous,,1.0,0.0,,,,,,,,,,,,Student
t291300,Filter question: Transition from elementary school,,pTarget,Student,3466.0,effect code,yes; no,1.0,0.0,,,,,,,,,,,,Student
t292301,"Comparison to elementary school, lessons are more fun",,pTarget,Student,3467.0,continuous,does not apply at all; does rather not apply; does partly apply; does rather apply; does completely apply,1.0,0.0,,,,,,,,,,,,Student
t292302,"Comparison to elementary school, feel more comfortable in new class",,pTarget,Student,3468.0,continuous,does not apply at all; does rather not apply; does partly apply; does rather apply; does completely apply,1.0,0.0,,,,,,,,,,,,Student
t292303,"Comparison to elementary school, like classmates more",,pTarget,Student,3469.0,continuous,does not apply at all; does rather not apply; does partly apply; does rather apply; does completely apply,1.0,0.0,,,,,,,,,,,,Student
t292304,"Comparison to elementary school, Iím more popular",,pTarget,Student,3470.0,continuous,does not apply at; does rather not apply; does partly apply; does rather apply; does completely apply,1.0,0.0,,,,,,,,,,,,Student
t292305,"Comparison to elementary school, subjects are easier",,pTarget,Student,3471.0,continuous,does not apply at all; does rather not apply; does partly apply; does rather apply; does completely apply,1.0,0.0,,,,,,,,,,,,Student
t292306,"Comparison to elementary school, I like teachers more",,pTarget,Student,3472.0,continuous,does not apply at; does rather not apply; does partly apply; does rather apply; does completely apply,1.0,0.0,,,,,,,,,,,,Student
t34006i,HOMEPOS: own books,,pTarget,Home,3473.0,effect code,yes; no,1.0,0.0,,,,,,,,,,,,Home
t66003a_g1,Global self-esteem,,pTarget,Student,6337.0,continuous,,1.0,0.0,,,,,,,,,,,,Student
t27111s,"Courses outside School: other courses, specifically:",,pTarget,Student,3477.0,effect code,not specified; specified,1.0,0.0,,,,,,,,,,,,Student
t283621,"Student: homework, parental support, checking",,pTarget,Home,4132.0,continuous,completely disagree; rather disagree; rather agree; completely agree,1.0,0.0,,,,,,,,,,,,Home
t283622,"Student: homework, parental support, having time",,pTarget,Home,4133.0,continuous,completely disagree; rather disagree; rather agree; completely agree,1.0,0.0,,,,,,,,,,,,Home
t283623,"Student: homework, parental support, making sure homework is done",,pTarget,Home,4134.0,continuous,completely disagree; rather disagree; rather agree; completely agree,1.0,0.0,,,,,,,,,,,,Home
t284624,"Student: homework, parental support, help with bad grades",,pTarget,Home,4135.0,continuous,completely disagree; rather disagree; rather agree; completely agree,1.0,0.0,,,,,,,,,,,,Home
t285627,"Student: homework, parental support, expectation",,pTarget,Home,4136.0,continuous,completely disagree; rather disagree; rather agree; completely agree,1.0,0.0,,,,,,,,,,,,Home
t284625,"Student: homework, parental support, encouragement",,pTarget,Home,4137.0,continuous,completely disagree; rather disagree; rather agree; completely agree,1.0,0.0,,,,,,,,,,,,Home
t284626,"Student: homework, parental support, talk",,pTarget,Home,4138.0,continuous,completely disagree; rather disagree; rather agree; completely agree,1.0,0.0,,,,,,,,,,,,Home
t285628,"Student: homework, parental support, understand subject matter",,pTarget,Home,4139.0,continuous,completely disagree; rather disagree; rather agree; completely agree,1.0,0.0,,,,,,,,,,,,Home
t285629,"Student: homework, parental support, expect. regard. studying for class tests",,pTarget,Home,4140.0,continuous,completely disagree; rather disagree; rather agree; completely agree,1.0,0.0,,,,,,,,,,,,Home
t281600,"Student: homework, duration",,pTarget,Student,4147.0,continuous,less than half an hour; about half an hour to; about 1 to 2 hours; about 2 to 3 hours; about 3 to 4 hours; more than 4 hours per,1.0,0.0,,,,,,,,,,,,Student
t28161a,"Student: homework, frequency help from parents",,pTarget,Home,4148.0,continuous,never; rarely; sometimes; often; always; does not apply to me,1.0,0.0,,,,,,,,6.0,,,,Home
t28161b,"Student: homework, frequency help from siblings",,pTarget,Home,4149.0,continuous,never; rarely; sometimes; often; always; does not apply to me,1.0,0.0,,,,,,,,6.0,,,,Home
t28161c,Student: homework: frequency help from friends/classmates,,pTarget,Pedagogical,4150.0,continuous,never; rarely; sometimes; often; always; does not apply to me,1.0,0.0,,,,,,,,6.0,,,,Pedagogical
t31035a,Idealistic educational aspiration - highest school-leaving qualification,,pTarget,Student,4153.0,categorical,Hauptschulabschluss; Realschulabschluss/Mittlere Reife; Abitur; Leave school without qualification,1.0,0.0,,,,,,,,,,,,Student
td0001a,Learning how to spell interesting,,pTarget,Student,4159.0,continuous,does not apply at all; does rather not apply; does rather apply; does completely apply,1.0,0.0,,,,,,,,,,,,Student
td0001b,Spelling is difficult,,pTarget,Student,4160.0,continuous,does not apply at all; does rather not apply; does rather apply; does completely apply,1.0,0.0,,,,,,,,,,,,Student
td0002a_v1,Time required learning spelling,,pTarget,Student,4161.0,continuous,not at all; rather not; rather; very,1.0,0.0,,,,,,,,,,,,Student
td0002b_v1,Importance spelling performance for school-leaving qualification,,pTarget,Student,4163.0,continuous,not at all; rather not; rather; very,1.0,0.0,,,,,,,,,,,,Student
td0002c_v1,Importance spelling performance for profession,,pTarget,Student,4165.0,continuous,not at all; rather not; rather; very,1.0,0.0,,,,,,,,,,,,Student
td0002d_v1,Importance spelling performance for private life,,pTarget,Student,4167.0,continuous,not at all; rather not; rather; very,1.0,0.0,,,,,,,,,,,,Student
td0003a,Grade for next dictation is going to be good,,pTarget,Student,4169.0,continuous,does not apply at all; does rather not apply; does rather apply; does completely apply,1.0,0.0,,,,,,,,,,,,Student
td0003b,Spelling when writing texts good,,pTarget,Student,4170.0,continuous,does not apply at all; does rather not apply; does rather apply; does completely apply,1.0,0.0,,,,,,,,,,,,Student
td0004a_v1,Spelling more difficult than for classmates,,pTarget,Student,4171.0,continuous,completely disagree; rather disagree; rather agree; completely agree,1.0,0.0,,,,,,,,,,,,Student
td0004b_v1,Spelling more difficult than understanding texts,,pTarget,Student,4173.0,continuous,completely disagree; rather disagree; rather agree; completely agree,1.0,0.0,,,,,,,,,,,,Student
td0004c_v1,Spelling more difficult than writing texts,,pTarget,Student,4175.0,continuous,completely disagree; rather disagree; rather agree; completely agree,1.0,0.0,,,,,,,,,,,,Student
td0004d_v1,Spelling more difficult than grammar,,pTarget,Student,4177.0,continuous,completely disagree; rather disagree; rather agree; completely agree,1.0,0.0,,,,,,,,,,,,Student
td0005a,Spelling - learning - good grade,,pTarget,Student,4179.0,continuous,very little; rather little; rather much; very much,1.0,0.0,,,,,,,,,,,,Student
td0005b,Spelling - learning - good German grade,,pTarget,Student,4180.0,continuous,very little; rather little; rather much; very much,1.0,0.0,,,,,,,,,,,,Student
td0006a_v1,Spelling words correctly: Rules,,pTarget,Student,4181.0,continuous,completely disagree; rather disagree; rather agree; completely agree,1.0,0.0,,,,,,,,,,,,Student
td0006b_v1,Spelling words correctly: Pronounce clearly to myself,,pTarget,Student,4183.0,continuous,completely disagree; rather disagree; rather agree; completely agree,1.0,0.0,,,,,,,,,,,,Student
td0006c_v1,Spelling words correctly: Write by heart,,pTarget,Student,4185.0,continuous,completely disagree; rather disagree; rather agree; completely agree,1.0,0.0,,,,,,,,,,,,Student
td0006d_v1,Spelling words correctly: Guess,,pTarget,Student,4187.0,continuous,completely disagree; rather disagree; rather agree; completely agree,1.0,0.0,,,,,,,,,,,,Student
td0006e_v1,Spelling words correctly: Refer to dictionary,,pTarget,Student,4189.0,continuous,completely disagree; rather disagree; rather agree; completely agree,1.0,0.0,,,,,,,,,,,,Student
td0006f_v1,Spelling words correctly: Computer spell checking,,pTarget,Student,4191.0,continuous,completely disagree; rather disagree; rather agree; completely agree,1.0,0.0,,,,,,,,,,,,Student
t34010a,Discussions with father/mother: books,,pTarget,Home,4258.0,continuous,never or seldom; several times a month; once a week; several times a week; daily,1.0,0.0,,,,,,,,,,,,Home
t34010b,Discussions with father/mother: movies or TV shows,,pTarget,Home,4259.0,continuous,never or seldom; several times a month; once a week; several times a week; daily,1.0,0.0,,,,,,,,,,,,Home
t34010c,Discussions with father/mother: political or social issues,,pTarget,Home,4260.0,continuous,never or seldom; several times a month; once a week; several times a week; daily,1.0,0.0,,,,,,,,,,,,Home
t34010d,Discussions with father/mother: artwork or art in general,,pTarget,Home,4261.0,continuous,never or seldom; several times a month; once a week; several times a week; daily,1.0,0.0,,,,,,,,,,,,Home
t34006a,HOMEPOS: desk,,pTarget,Home,4262.0,effect code,yes; no,1.0,0.0,,,,,,,,,,,,Home
t34006b,HOMEPOS: room,,pTarget,Home,4263.0,effect code,yes; no,1.0,0.0,,,,,,,,,,,,Home
t34006c,HOMEPOS: learning software,,pTarget,Home,4264.0,effect code,yes; no,1.0,0.0,,,,,,,,,,,,Home
t34006e,HOMEPOS: books with poems,,pTarget,Home,4266.0,effect code,yes; no,1.0,0.0,,,,,,,,,,,,Home
t34006f,HOMEPOS: works of art (e.g. paintings),,pTarget,Home,4267.0,effect code,yes; no,1.0,0.0,,,,,,,,,,,,Home
t34006g,HOMEPOS: books for homework,,pTarget,Home,4268.0,effect code,yes; no,1.0,0.0,,,,,,,,,,,,Home
t34006h,HOMEPOS: dictionary,,pTarget,Home,4269.0,effect code,yes; no,1.0,0.0,,,,,,,,,,,,Home
t34001a,Frequency reading - school day,,pTarget,Student,4271.0,continuous,Ö not at all outside; Ö up to half an; Ö between half an hour; Ö 1 to 2 hours.; Ö more than 2 hours.,1.0,0.0,,,,,,,,,,,,Student
t34001c,Frequency reading - non-school day,,pTarget,Student,4272.0,continuous,Ö not at all.; Ö up to half an; Ö between half an hour; Ö 1 to 2 hours.; Ö more than 2 hours.,1.0,0.0,,,,,,,,,,,,Student
t34002a,"Frequency reading (genre): detective novels, thrillers, horror or fantasy",,pTarget,Student,4273.0,continuous,never or seldom; several times a month; once a week; several times a week; daily,1.0,0.0,,,,,,,,,,,,Student
t34002b,Frequency reading (genre): classic literature,,pTarget,Student,4274.0,continuous,never or seldom; several times a month; once a week; several times a week; daily,1.0,0.0,,,,,,,,,,,,Student
t34002c,Frequency reading (genre): nonfiction books,,pTarget,Student,4275.0,continuous,never or seldom; several times a month; once a week; several times a week; daily,1.0,0.0,,,,,,,,,,,,Student
t34002d,Frequency reading (genre): comics,,pTarget,Student,4276.0,continuous,never or seldom; several times a month; once a week; several times a week; daily,1.0,0.0,,,,,,,,,,,,Student
t34002e,_g1 Frequency reading (genre): youth literature,,pTarget,Student,4229.0,continuous,never or seldom; several times a month; once a week; several times a week; daily,1.0,0.0,,,,,,,,,,,,Student
t34003a,Frequency reading (periodicals): local newspaper,,pTarget,Student,4278.0,continuous,never or seldom; several times a month; once a week; several times a week; daily,1.0,0.0,,,,,,,,,,,,Student
t34003b,"Frequency reading (periodicals): tabloids (such as BILD, BZ)",,pTarget,Student,4279.0,continuous,never or seldom; several times a month; once a week; several times a week; daily,1.0,0.0,,,,,,,,,,,,Student
t34003c,Frequency reading (periodicals): youth pages in other supraregional papers,,pTarget,Student,4280.0,continuous,never or seldom; several times a month; once a week; several times a week; daily,1.0,0.0,,,,,,,,,,,,Student
t34003d,"Frequency reading (periodicals): magazines (such as SPIEGEL, FOCUS Schule)",,pTarget,Student,4281.0,continuous,never or seldom; several times a month; once a week; several times a week; daily,1.0,0.0,,,,,,,,,,,,Student
t34003e,"Frequency reading (periodicals): other youth magazines (such as Bravo, Popcorn)",,pTarget,Student,4282.0,continuous,never or seldom; several times a month; once a week; several times a week; daily,1.0,0.0,,,,,,,,,,,,Student
t34005a,Number of books,,pTarget,Home,4283.0,continuous,0 to 10 books; 11 to 25 books; 26 to 100 books; 101 to 200 books; 201 to 500 books; more than 500 books,1.0,0.0,,,,,,,,,,,,Home
t41010a_g1,Mother: Mother tongue (number of specifications),,pTarget,Home,4419.0,continuous,5 and more,1.0,0.0,,,,,,,,,,,,Home
t41012a_g1,Father: Mother tongue (number of specifications),,pTarget,Home,4432.0,continuous,5 and more,1.0,0.0,,,,,,,,,,,,Home
t410010_g1,Second language (number of specifications),,pTarget,Student,4710.0,continuous,5 and more,1.0,0.0,,,,,,,,,,,,Student
t41000a_g1,Mother tongue (number references),,pTarget,Student,5076.0,continuous,5 and more,1.0,0.0,,,,,,,,,,,,Student
t400500_g1v1,Generation status,,pTarget,Student,5862.0,continuous,no migrant background; 1st generation; 1.5th generation; 2nd generation; 2.25th generation; 2.5th generation; 2.75th generation; 3rd generation; 3.25th generation; 3.5th generation,1.0,0.0,,,,,,,,,,,,Student
t400500_g1,v1 Generation status,,pTarget,Student,5862.0,continuous,no migrant background; 1st generation; 1.5th generation; 2nd generation; 2.25th generation; 2.5th generation; 2.75th generation; 3rd generation; 3.25th generation; 3.5th generation,1.0,0.0,,,,,,,,,,,,Student
t400500_g2,v1 Missing/contradicting imformation about country of birth for generation status,,pTarget,Student,5864.0,categorical,Unique assignment possible; Information for target person unknown; Information for one parent unknown; Information for both parents unknown; Information for one grandparent unknown; Information for two grandparents unknown; Information for three grandparents unknown; Information for four grandparents unknown; no assignment to a generation,1.0,0.0,,,,,,,,,,,,Student
t521000,Self-rated health,,pTarget,Student,6606.0,continuous,very good; good; moderate; poor; very poor,1.0,0.0,,,,,,,,,,,,Student
t74305a,"Household composition: biological, adoptive, foster mother",,pTarget,Home,6091.0,effect code,yes; no,1.0,0.0,,,,,,,,,,,,Home
t74305b,Household composition: stepmother or fatherís girlfriend,,pTarget,Home,6092.0,effect code,yes; no,1.0,0.0,,,,,,,,,,,,Home
t74305c,"Household composition: biological father, adoptive father, foster father",,pTarget,Home,6093.0,effect code,yes; no,1.0,0.0,,,,,,,,,,,,Home
t74305d,Household composition: stepfather or motherís boyfriend,,pTarget,Home,6094.0,effect code,yes; no,1.0,0.0,,,,,,,,,,,,Home
t74305e,Household composition: siblings and/or step siblings,,pTarget,Home,6095.0,effect code,yes; no,1.0,0.0,,,,,,,,,,,,Home
t74305f,Household composition: grandmother and/or grandfather,,pTarget,Home,6096.0,effect code,yes; no,1.0,0.0,,,,,,,,,,,,Home
t74305g,Household composition: other people,,pTarget,Home,6097.0,effect code,yes; no,1.0,0.0,,,,,,,,,,,,Home
t741002,Size of household,,pTarget,Home,6098.0,continuous,,1.0,0.0,,,,,,,,,,,,Home
t724101,Grade Annual report card - German,,pTarget,Student,6100.0,continuous,very good (1); good (2); satisfactory (3); sufficient (4); inadequate (5); unsatisfactory (6); no grade received,1.0,0.0,,,,,,,,,,,,Student
t724102,Grade Annual report card - Mathematics,,pTarget,Student,6101.0,continuous,very good (1); good (2); satisfactory (3); sufficient (4); inadequate (5); unsatisfactory (6); no grade received,1.0,0.0,,,,,,,,,,,,Student
t261000,Student: sport activity: frequency,,pTarget,Student,5089.0,continuous,never; once a month or less; several times a month or; several times a week; almost daily or daily,1.0,0.0,,,,,,,,,,,,Student
t269000,Student: sport activity: where/what,,pTarget,Student,6298.0,categorical,"Club;
School (outside classes such as sport workshop);
Riding school, tennis school, martial arts school, dancing school, gym or similar;
Volkshochschule (VHS);
Togetherwithothers,but not in an organization; By myself; Filtered",1.0,0.0,,,,,,,,,,,,Student
t27111a,Students: courses outside the school: music school classes,,pTarget,Student,6299.0,effect code,"yes, namely [open]; no",1.0,0.0,,,,,,,,,,,,Student
t27111b,Courses outside the school - Volkshochschule (VHS),,pTarget,Student,6301.0,effect code,"yes, namely [open]; no",1.0,0.0,,,,,,,,,,,,Student
t27111c,Course; youth art school,,pTarget,Student,6303.0,effect code,"yes, namely [open]; no",1.0,0.0,,,,,,,,,,,,Student
t731130,Role of mother,,pTarget,Home,3474.0,categorical,"my biological mother; my stepmother;
my adoptive mother; my foster mother; my father’s girlfriend;
another woman;
I don’t have a mother(anymore)/I don’t know her;
I don’t have a mother (anymore)/I don’t know her",1.0,0.0,,,,,,,,,,,,Home
t731140,Role of father,,pTarget,Home,3475.0,categorical,"my biological father; my stepfather;
my adoptive father;
my foster father;
my mother’s boyfriend;
another man;
I don’t have a father (anymore)/I don’t know him;
I don’t have a father (anymore)/I don’t know him",1.0,0.0,,,,,,,,,,,,Home
t66000a_g1,Self concept: German,,pTarget,Student,6364.0,continuous,,1.0,0.0,,,,,,,,,,,,Student
t66001a_g1,Self concept: math,,pTarget,Student,6368.0,continuous,,1.0,0.0,,,,,,,,,,,,Student
t66002a_g1,Self concept school,,pTarget,Student,6372.0,continuous,,1.0,0.0,,,,,,,,,,,,Student
t700031,Gender,,pTarget,Student,5128.0,effect code,[m] male; [w] female,1.0,0.0,,,,,,,,,,,,Student
t514001,Satisfaction with life,,pTargetCORONA,Student,2747.0,continuous,0 completely dissatisfied; 1; 2; 3; 4; 5; 6; 7; 8; 9; 10 completely satisfied,1.0,0.0,,,,,,,,,,,,Student
t514002,Satisfaction with standard of living,,pTargetCORONA,Student,2748.0,continuous,0 completely dissatisfied; 1; 2; 3; 4; 5; 6; 7; 8; 9; 10 completely satisfied,1.0,0.0,,,,,,,,,,,,Student
t514003,Satisfaction with health,,pTargetCORONA,Student,2749.0,continuous,0 completely dissatisfied; 1; 2; 3; 4; 5; 6; 7; 8; 9; 10 completely satisfied,1.0,0.0,,,,,,,,,,,,Student
t514004,Satisfaction with family life,,pTargetCORONA,Student,2750.0,continuous,0 completely dissatisfied; 1; 2; 3; 4; 5; 6; 7; 8; 9; 10 completely satisfied,1.0,0.0,,,,,,,,,,,,Student
t514005,Satisfaction with acquaintances and friends,,pTargetCORONA,Student,2751.0,continuous,0 completely dissatisfied; 1; 2; 3; 4; 5; 6; 7; 8; 9; 10 completely satisfied,1.0,0.0,,,,,,,,,,,,Student
t514006,Satisfaction with school,,pTarget,Student,5141.0,continuous,completely dissatisfied; 1; 2; 3; 4; 5; 6; 7; 8; 9; completely satisfied,1.0,0.0,,,,,,,,,,,,Student
dgg5_sc3a,DGCF (perceptual speed): sum,,xTargetCompetencies,Student,9015.0,continuous,,1.0,0.0,,,,,,,,,,,,Student
dgg5_sc3b,DGCF (reasoning): sum,,xTargetCompetencies,Student,9017.0,continuous,,1.0,0.0,,,,,,,,,,,,Student
mag5_sc1,u Mathematical competence: WLE (uncorrected),,xTargetCompetencies,Student,9018.0,continuous,,1.0,0.0,,,,,,,,,,,,Student
reg5_sc1u,Reading comprehension: WLE,,xTargetCompetencies,Baseline,9113.0,continuous,,1.0,0.0,,,,,,,,,,,,Baseline
rsg5_sc3,Reading speed sum,,xTargetCompetencies,Student,9172.0,continuous,,1.0,0.0,,,,,,,,,,,,Student
org5_sc1b,Orthography (set 2): WLE (corrected),,xTargetCompetencies,Student,9388.0,continuous,,1.0,0.0,,,,,,,,,,,,Student
mpg5re_sc6,Procedural metacognition (reading total): proportion correct,,xTargetCompetencies,Student,9029.0,continuous,,1.0,0.0,,,,,,,,,,,,Student
mpg5ma_sc6,Procedural metacognition (mathematics): proportion correct,,xTargetCompetencies,Student,9048.0,continuous,,1.0,0.0,,,,,,,,,,,,Student
mpg5or01_sc6,Procedural metacognition (orthography set 1): proportion correct,,xTargetCompetencies,Student,9052.0,continuous,,1.0,0.0,,,,,,,,,,,,Student
p71202,Date of first Kindergarten attendance (combined month/year),,pParent,Student,2168.0,continuous,,1.0,0.0,,,,,,,,,,,,Student
p71203,Date enrollment target child (combined month/year),,pParent,Student,2171.0,continuous,,1.0,0.0,,,,,,,,,,,,Student
p72802,Date of determination of special educational needs (combined month/year),,pParent,Student,2217.0,continuous,,1.0,0.0,,,,,,,,,,,,Student
p40003,Date of respondentís move to Germany (combined month/year),,pParent,Home,2356.0,continuous,,1.0,0.0,,,,,,,,,,,,Home
p40113,Date when respondent obtained German citizenship (combined month/year),,pParent,Home,2363.0,continuous,,1.0,0.0,,,,,,,,,,,,Home
p73111,Start living together with partner (combined month/year),,pParent,Home,2454.0,continuous,,1.0,0.0,,,,,,,,,,,,Home
p40403,"Acquisition German citizenship Partner, date (combined month/year)",,pParent,Home,2481.0,continuous,,1.0,0.0,,,,,,,,,,,,Home
td0036,"Teacher summarize, draws attention, explains connections",,created,Pedagogical,,continuous,,1.0,0.0,,,,,,,,,,,,Pedagogical
teacher_changed_state,the change of state for the teachers - whether they have ever changed the states (1) or not (0),,created,Pedagogical,,continuous,,1.0,0.0,,,,,,,,,,,,Pedagogical
dob_in_days_at_Target_survey,DOB (days),,created,Student,,continuous,,1.0,0.0,,,,,,,,,,,,Student
p34009,Participation in high culture (parent),,created,Home,,continuous,,1.0,0.0,,,,,,,,,,,,Home
td0034,Percieved teacher autonomy,,created,Pedagogical,,continuous,,1.0,0.0,,,,,,,,,,,,Pedagogical
t34009,Participation in high culture (student),,created,Student,,continuous,,1.0,0.0,,,,,,,,,,,,Student
td0042,Attitudes towards reading,,created,Student,,continuous,,1.0,0.0,,,,,,,,,,,,Student
td0033,German teacher expectations,,created,Pedagogical,,continuous,,1.0,0.0,,,,,,,,,,,,Pedagogical
ed1010,Teacher collaboration,,created,Pedagogical,,continuous,,1.0,0.0,,,,,,,,,,,,Pedagogical
td0032,German teacher organisation of learning,,created,Pedagogical,,continuous,,1.0,0.0,,,,,,,,,,,,Pedagogical
td0035,German teacher prom. interaction,,created,Pedagogical,,continuous,,1.0,0.0,,,,,,,,,,,,Pedagogical
td0043,Self concept reading,,created,Student,,continuous,,1.0,0.0,,,,,,,,,,,,Student
td0041,Social reading habits,,created,Student,,continuous,,1.0,0.0,,,,,,,,,,,,Student
ed1011_pos,Positive attitudes towards profession,,created,Pedagogical,,continuous,,1.0,0.0,,,,,,,,,,,,Pedagogical
teacher_stress_factors_avg,"stress factor of teachers, an average of ed1009b and ed1009c",,created,Pedagogical,,continuous,,1.0,0.0,,,,,,,,,,,,Pedagogical
